taxon,t15,t28,t20,t4,t21,t5,t8,t29,t1,t27,t17,t10,t12,t13,t25,t19,t30,t26,t16,t7,t24,t14,t6,t18,t3,t22,t11,t2,t23,t9
t15,0,0.58999999999999997,0.95999999999999996,0.93000000000000005,0.80000000000000004,0.83000000000000007,1.28,1.3400000000000001,1.3400000000000001,1.04,0.87,0.82000000000000006,0.81000000000000005,0.90000000000000002,0.88,1,0.97999999999999998,1.1799999999999999,1.1799999999999999,1.1699999999999999,1.21,1.2,1.1699999999999999,1.28,1.48,1.49,1.22,1.29,1.28,1.3300000000000001
t28,0.58999999999999997,0,0.75,0.72999999999999998,0.65000000000000002,0.65000000000000002,1.1300000000000001,1.23,1.24,0.83999999999999997,0.66000000000000003,0.58999999999999997,0.60999999999999999,0.67000000000000004,0.69000000000000006,0.81000000000000005,0.78000000000000003,1,0.95999999999999996,0.98999999999999999,1.01,1.01,0.95000000000000007,1.04,1.21,1.22,1.03,1.0700000000000001,1.1000000000000001,1.21
t20,0.95999999999999996,0.75,0,0.20999999999999999,0.23000000000000001,0.32000000000000001,1.1500000000000001,1.24,1.26,0.85999999999999999,0.70999999999999996,0.64000000000000001,0.64000000000000001,0.75,0.70999999999999996,0.82000000000000006,0.81000000000000005,1.02,1,1.04,1.0800000000000001,1.0600000000000001,1.03,1.1200000000000001,1.28,1.28,1.05,1.0900000000000001,1.05,1.2
t4,0.93000000000000005,0.72999999999999998,0.20999999999999999,0,0.20000000000000001,0.28999999999999998,1.0700000000000001,1.1899999999999999,1.2,0.82000000000000006,0.66000000000000003,0.58999999999999997,0.59999999999999998,0.70999999999999996,0.68000000000000005,0.80000000000000004,0.77000000000000002,0.97999999999999998,0.95999999999999996,1.03,1.04,1.03,1.01,1.0900000000000001,1.28,1.29,1.04,1.0800000000000001,1.03,1.1599999999999999
t21,0.80000000000000004,0.65000000000000002,0.23000000000000001,0.20000000000000001,0,0.17999999999999999,1.01,1.1500000000000001,1.1699999999999999,0.72999999999999998,0.57000000000000006,0.48999999999999999,0.5,0.59999999999999998,0.58999999999999997,0.69000000000000006,0.67000000000000004,0.92000000000000004,0.88,0.92000000000000004,0.95000000000000007,0.94000000000000006,0.94000000000000006,1.01,1.2,1.2,0.97999999999999998,0.97999999999999998,0.95999999999999996,1.1000000000000001
t5,0.83000000000000007,0.65000000000000002,0.32000000000000001,0.28999999999999998,0.17999999999999999,0,1.03,1.1599999999999999,1.1799999999999999,0.69000000000000006,0.53000000000000003,0.44,0.45000000000000001,0.57000000000000006,0.53000000000000003,0.67000000000000004,0.64000000000000001,0.93000000000000005,0.88,0.95000000000000007,0.94000000000000006,0.95000000000000007,0.92000000000000004,1.03,1.2,1.23,0.95000000000000007,0.97999999999999998,0.96999999999999997,1.1000000000000001
t8,1.28,1.1300000000000001,1.1500000000000001,1.0700000000000001,1.01,1.03,0,0.20999999999999999,0.23999999999999999,0.57999999999999996,0.82000000000000006,0.72999999999999998,0.79000000000000004,0.83999999999999997,0.81000000000000005,0.92000000000000004,0.90000000000000002,1.1500000000000001,1.1699999999999999,1.22,1.22,1.23,1.1599999999999999,1.3,1.53,1.55,1.1899999999999999,1.22,1.3,1.3600000000000001
t29,1.3400000000000001,1.23,1.24,1.1899999999999999,1.1500000000000001,1.1599999999999999,0.20999999999999999,0,0.050000000000000003,0.71999999999999997,0.95999999999999996,0.89000000000000001,0.94000000000000006,1.04,0.93000000000000005,0.98999999999999999,0.97999999999999998,1.25,1.26,1.3300000000000001,1.3100000000000001,1.3200000000000001,1.26,1.4399999999999999,1.6100000000000001,1.6200000000000001,1.3100000000000001,1.3,1.3200000000000001,1.46
t1,1.3400000000000001,1.24,1.26,1.2,1.1699999999999999,1.1799999999999999,0.23999999999999999,0.050000000000000003,0,0.73999999999999999,0.98999999999999999,0.92000000000000004,0.95999999999999996,1.0700000000000001,0.96999999999999997,1.03,1.02,1.26,1.28,1.3400000000000001,1.3100000000000001,1.3100000000000001,1.28,1.45,1.6300000000000001,1.6400000000000001,1.3200000000000001,1.3100000000000001,1.3400000000000001,1.47
t27,1.04,0.83999999999999997,0.85999999999999999,0.82000000000000006,0.72999999999999998,0.69000000000000006,0.57999999999999996,0.71999999999999997,0.73999999999999999,0,0.47999999999999998,0.37,0.41999999999999998,0.5,0.46000000000000002,0.57999999999999996,0.55000000000000004,0.91000000000000003,0.90000000000000002,0.97999999999999998,0.97999999999999998,0.98999999999999999,0.90000000000000002,1.02,1.21,1.23,0.98999999999999999,1,1.02,1.1899999999999999
t17,0.87,0.66000000000000003,0.70999999999999996,0.66000000000000003,0.57000000000000006,0.53000000000000003,0.82000000000000006,0.95999999999999996,0.98999999999999999,0.47999999999999998,0,0.16,0.23999999999999999,0.34000000000000002,0.29999999999999999,0.44,0.40000000000000002,0.76000000000000001,0.75,0.83000000000000007,0.81000000000000005,0.81000000000000005,0.76000000000000001,0.94000000000000006,1.0600000000000001,1.0700000000000001,0.85999999999999999,0.83000000000000007,0.83999999999999997,0.95999999999999996
t10,0.82000000000000006,0.58999999999999997,0.64000000000000001,0.58999999999999997,0.48999999999999999,0.44,0.72999999999999998,0.89000000000000001,0.92000000000000004,0.37,0.16,0,0.10000000000000001,0.20999999999999999,0.17000000000000001,0.34000000000000002,0.29999999999999999,0.67000000000000004,0.66000000000000003,0.75,0.73999999999999999,0.73999999999999999,0.69000000000000006,0.82000000000000006,1,1.01,0.75,0.79000000000000004,0.80000000000000004,0.94000000000000006
t12,0.81000000000000005,0.60999999999999999,0.64000000000000001,0.59999999999999998,0.5,0.45000000000000001,0.79000000000000004,0.94000000000000006,0.95999999999999996,0.41999999999999998,0.23999999999999999,0.10000000000000001,0,0.25,0.22,0.38,0.34000000000000002,0.71999999999999997,0.70000000000000007,0.81000000000000005,0.78000000000000003,0.78000000000000003,0.75,0.84999999999999998,1,1.01,0.78000000000000003,0.82000000000000006,0.83000000000000007,1
t13,0.90000000000000002,0.67000000000000004,0.75,0.70999999999999996,0.59999999999999998,0.57000000000000006,0.83999999999999997,1.04,1.0700000000000001,0.5,0.34000000000000002,0.20999999999999999,0.25,0,0.29999999999999999,0.45000000000000001,0.41999999999999998,0.82000000000000006,0.80000000000000004,0.84999999999999998,0.87,0.85999999999999999,0.83000000000000007,0.92000000000000004,1.0900000000000001,1.1000000000000001,0.88,0.88,0.90000000000000002,1.02
t25,0.88,0.69000000000000006,0.70999999999999996,0.68000000000000005,0.58999999999999997,0.53000000000000003,0.81000000000000005,0.93000000000000005,0.96999999999999997,0.46000000000000002,0.29999999999999999,0.17000000000000001,0.22,0.29999999999999999,0,0.17999999999999999,0.13,0.78000000000000003,0.76000000000000001,0.80000000000000004,0.83000000000000007,0.83000000000000007,0.77000000000000002,0.92000000000000004,1.1000000000000001,1.1100000000000001,0.83999999999999997,0.84999999999999998,0.88,1.02
t19,1,0.81000000000000005,0.82000000000000006,0.80000000000000004,0.69000000000000006,0.67000000000000004,0.92000000000000004,0.98999999999999999,1.03,0.57999999999999996,0.44,0.34000000000000002,0.38,0.45000000000000001,0.17999999999999999,0,0.13,0.84999999999999998,0.84999999999999998,0.91000000000000003,0.92000000000000004,0.91000000000000003,0.89000000000000001,0.96999999999999997,1.1899999999999999,1.1899999999999999,0.92000000000000004,0.94000000000000006,0.93000000000000005,1.1000000000000001
t30,0.97999999999999998,0.78000000000000003,0.81000000000000005,0.77000000000000002,0.67000000000000004,0.64000000000000001,0.90000000000000002,0.97999999999999998,1.02,0.55000000000000004,0.40000000000000002,0.29999999999999999,0.34000000000000002,0.41999999999999998,0.13,0.13,0,0.87,0.83999999999999997,0.89000000000000001,0.90000000000000002,0.90000000000000002,0.85999999999999999,0.98999999999999999,1.1599999999999999,1.1599999999999999,0.91000000000000003,0.94000000000000006,0.94000000000000006,1.1100000000000001
t26,1.1799999999999999,1,1.02,0.97999999999999998,0.92000000000000004,0.93000000000000005,1.1500000000000001,1.25,1.26,0.91000000000000003,0.76000000000000001,0.67000000000000004,0.71999999999999997,0.82000000000000006,0.78000000000000003,0.84999999999999998,0.87,0,0.14999999999999999,0.31,0.32000000000000001,0.31,0.27000000000000002,0.41999999999999998,0.64000000000000001,0.65000000000000002,0.34000000000000002,0.37,0.40000000000000002,0.63
t16,1.1799999999999999,0.95999999999999996,1,0.95999999999999996,0.88,0.88,1.1699999999999999,1.26,1.28,0.90000000000000002,0.75,0.66000000000000003,0.70000000000000007,0.80000000000000004,0.76000000000000001,0.84999999999999998,0.83999999999999997,0.14999999999999999,0,0.25,0.23999999999999999,0.23000000000000001,0.20999999999999999,0.35999999999999999,0.57999999999999996,0.59999999999999998,0.29999999999999999,0.32000000000000001,0.35000000000000003,0.57999999999999996
t7,1.1699999999999999,0.98999999999999999,1.04,1.03,0.92000000000000004,0.95000000000000007,1.22,1.3300000000000001,1.3400000000000001,0.97999999999999998,0.83000000000000007,0.75,0.81000000000000005,0.84999999999999998,0.80000000000000004,0.91000000000000003,0.89000000000000001,0.31,0.25,0,0.32000000000000001,0.31,0.31,0.45000000000000001,0.68000000000000005,0.70000000000000007,0.39000000000000001,0.41000000000000003,0.44,0.65000000000000002
t24,1.21,1.01,1.0800000000000001,1.04,0.95000000000000007,0.94000000000000006,1.22,1.3100000000000001,1.3100000000000001,0.97999999999999998,0.81000000000000005,0.73999999999999999,0.78000000000000003,0.87,0.83000000000000007,0.92000000000000004,0.90000000000000002,0.32000000000000001,0.23999999999999999,0.32000000000000001,0,0.029999999999999999,0.29999999999999999,0.46000000000000002,0.68000000000000005,0.68000000000000005,0.41000000000000003,0.42999999999999999,0.46000000000000002,0.64000000000000001
t14,1.2,1.01,1.0600000000000001,1.03,0.94000000000000006,0.95000000000000007,1.23,1.3200000000000001,1.3100000000000001,0.98999999999999999,0.81000000000000005,0.73999999999999999,0.78000000000000003,0.85999999999999999,0.83000000000000007,0.91000000000000003,0.90000000000000002,0.31,0.23000000000000001,0.31,0.029999999999999999,0,0.29999999999999999,0.46000000000000002,0.67000000000000004,0.67000000000000004,0.40000000000000002,0.41999999999999998,0.42999999999999999,0.64000000000000001
t6,1.1699999999999999,0.95000000000000007,1.03,1.01,0.94000000000000006,0.92000000000000004,1.1599999999999999,1.26,1.28,0.90000000000000002,0.76000000000000001,0.69000000000000006,0.75,0.83000000000000007,0.77000000000000002,0.89000000000000001,0.85999999999999999,0.27000000000000002,0.20999999999999999,0.31,0.29999999999999999,0.29999999999999999,0,0.41000000000000003,0.64000000000000001,0.65000000000000002,0.29999999999999999,0.35000000000000003,0.41000000000000003,0.60999999999999999
t18,1.28,1.04,1.1200000000000001,1.0900000000000001,1.01,1.03,1.3,1.4399999999999999,1.45,1.02,0.94000000000000006,0.82000000000000006,0.84999999999999998,0.92000000000000004,0.92000000000000004,0.96999999999999997,0.98999999999999999,0.41999999999999998,0.35999999999999999,0.45000000000000001,0.46000000000000002,0.46000000000000002,0.41000000000000003,0,0.5,0.5,0.40000000000000002,0.41000000000000003,0.46000000000000002,0.70000000000000007
t3,1.48,1.21,1.28,1.28,1.2,1.2,1.53,1.6100000000000001,1.6300000000000001,1.21,1.0600000000000001,1,1,1.0900000000000001,1.1000000000000001,1.1899999999999999,1.1599999999999999,0.64000000000000001,0.57999999999999996,0.68000000000000005,0.68000000000000005,0.67000000000000004,0.64000000000000001,0.5,0,0.059999999999999998,0.58999999999999997,0.65000000000000002,0.65000000000000002,0.85999999999999999
t22,1.49,1.22,1.28,1.29,1.2,1.23,1.55,1.6200000000000001,1.6400000000000001,1.23,1.0700000000000001,1.01,1.01,1.1000000000000001,1.1100000000000001,1.1899999999999999,1.1599999999999999,0.65000000000000002,0.59999999999999998,0.70000000000000007,0.68000000000000005,0.67000000000000004,0.65000000000000002,0.5,0.059999999999999998,0,0.58999999999999997,0.65000000000000002,0.66000000000000003,0.85999999999999999
t11,1.22,1.03,1.05,1.04,0.97999999999999998,0.95000000000000007,1.1899999999999999,1.3100000000000001,1.3200000000000001,0.98999999999999999,0.85999999999999999,0.75,0.78000000000000003,0.88,0.83999999999999997,0.92000000000000004,0.91000000000000003,0.34000000000000002,0.29999999999999999,0.39000000000000001,0.41000000000000003,0.40000000000000002,0.29999999999999999,0.40000000000000002,0.58999999999999997,0.58999999999999997,0,0.32000000000000001,0.40000000000000002,0.59999999999999998
t2,1.29,1.0700000000000001,1.0900000000000001,1.0800000000000001,0.97999999999999998,0.97999999999999998,1.22,1.3,1.3100000000000001,1,0.83000000000000007,0.79000000000000004,0.82000000000000006,0.88,0.84999999999999998,0.94000000000000006,0.94000000000000006,0.37,0.32000000000000001,0.41000000000000003,0.42999999999999999,0.41999999999999998,0.35000000000000003,0.41000000000000003,0.65000000000000002,0.65000000000000002,0.32000000000000001,0,0.19,0.40000000000000002
t23,1.28,1.1000000000000001,1.05,1.03,0.95999999999999996,0.96999999999999997,1.3,1.3200000000000001,1.3400000000000001,1.02,0.83999999999999997,0.80000000000000004,0.83000000000000007,0.90000000000000002,0.88,0.93000000000000005,0.94000000000000006,0.40000000000000002,0.35000000000000003,0.44,0.46000000000000002,0.42999999999999999,0.41000000000000003,0.46000000000000002,0.65000000000000002,0.66000000000000003,0.40000000000000002,0.19,0,0.32000000000000001
t9,1.3300000000000001,1.21,1.2,1.1599999999999999,1.1000000000000001,1.1000000000000001,1.3600000000000001,1.46,1.47,1.1899999999999999,0.95999999999999996,0.94000000000000006,1,1.02,1.02,1.1000000000000001,1.1100000000000001,0.63,0.57999999999999996,0.65000000000000002,0.64000000000000001,0.64000000000000001,0.60999999999999999,0.70000000000000007,0.85999999999999999,0.85999999999999999,0.59999999999999998,0.40000000000000002,0.32000000000000001,0
