taxon,t16,t26,t1,t22,t14,t6,t24,t9,t10,t29,t2,t8,t7,t11,t21,t3,t17,t25,t23,t13,t27,t15,t12,t4,t19,t20,t18,t30,t28,t5
t16,0,27.631021115928547,27.631021115928547,27.631021115928547,27.631021115928547,27.631021115928547,27.631021115928547,3.713572066704308,27.631021115928547,27.631021115928547,3.7553414795806028,27.631021115928547,3.7553414795806028,27.631021115928547,3.713572066704308,27.631021115928547,27.631021115928547,27.631021115928547,27.631021115928547,27.631021115928547,27.631021115928547,27.631021115928547,27.631021115928547,27.631021115928547,27.631021115928547,27.631021115928547,27.631021115928547,27.631021115928547,27.631021115928547,27.631021115928547
t26,27.631021115928547,0,1.173402738241258,2.360787484483295,1.7170181848302397,0.86707831498019738,1.3885141178582034,3.0910424533583156,2.9107554852621487,2.7739199849169789,27.631021115928547,27.631021115928547,27.631021115928547,27.631021115928547,27.631021115928547,27.631021115928547,27.631021115928547,27.631021115928547,27.631021115928547,27.631021115928547,3.7553414795806028,27.631021115928547,27.631021115928547,27.631021115928547,3.6734776095024295,27.631021115928547,27.631021115928547,27.631021115928547,27.631021115928547,3.6349289393851945
t1,27.631021115928547,1.173402738241258,0,2.0684160716681284,2.6970247310905022,1.5523410920159937,2.0772267013502832,27.631021115928547,27.631021115928547,3.713572066704308,3.713572066704308,3.7553414795806028,27.631021115928547,27.631021115928547,27.631021115928547,27.631021115928547,27.631021115928547,27.631021115928547,27.631021115928547,27.631021115928547,27.631021115928547,27.631021115928547,27.631021115928547,27.631021115928547,27.631021115928547,27.631021115928547,27.631021115928547,3.713572066704308,27.631021115928547,27.631021115928547
t22,27.631021115928547,2.360787484483295,2.0684160716681284,0,3.0693286931345316,3.0068806610366052,3.4617527154134318,3.2871166827043075,3.7553414795806028,27.631021115928547,27.631021115928547,27.631021115928547,27.631021115928547,27.631021115928547,27.631021115928547,27.631021115928547,27.631021115928547,27.631021115928547,27.631021115928547,27.631021115928547,27.631021115928547,27.631021115928547,27.631021115928547,27.631021115928547,27.631021115928547,27.631021115928547,27.631021115928547,27.631021115928547,27.631021115928547,27.631021115928547
t14,27.631021115928547,1.7170181848302397,2.6970247310905022,3.0693286931345316,0,1.2911857738976413,2.6256224837802384,3.4617527154134318,3.494071506668599,27.631021115928547,3.7553414795806028,27.631021115928547,27.631021115928547,3.6734776095024295,3.7553414795806028,27.631021115928547,27.631021115928547,3.6349289393851945,27.631021115928547,27.631021115928547,27.631021115928547,27.631021115928547,27.631021115928547,27.631021115928547,27.631021115928547,27.631021115928547,27.631021115928547,27.631021115928547,3.6734776095024295,27.631021115928547
t6,27.631021115928547,0.86707831498019738,1.5523410920159937,3.0068806610366052,1.2911857738976413,0,1.6455592208480947,3.1359377732662068,3.713572066704308,3.3141860046725258,27.631021115928547,27.631021115928547,27.631021115928547,27.631021115928547,27.631021115928547,27.631021115928547,27.631021115928547,27.631021115928547,27.631021115928547,27.631021115928547,27.631021115928547,27.631021115928547,27.631021115928547,27.631021115928547,27.631021115928547,27.631021115928547,3.7553414795806028,27.631021115928547,27.631021115928547,3.7553414795806028
t24,27.631021115928547,1.3885141178582034,2.0772267013502832,3.4617527154134318,2.6256224837802384,1.6455592208480947,0,1.5264998608321065,3.5620221685771067,3.4617527154134318,27.631021115928547,27.631021115928547,3.7553414795806028,27.631021115928547,27.631021115928547,27.631021115928547,27.631021115928547,3.7553414795806028,27.631021115928547,27.631021115928547,3.6734776095024295,3.6734776095024295,3.713572066704308,3.713572066704308,27.631021115928547,3.713572066704308,3.7553414795806028,27.631021115928547,3.7553414795806028,27.631021115928547
t9,3.713572066704308,3.0910424533583156,27.631021115928547,3.2871166827043075,3.4617527154134318,3.1359377732662068,1.5264998608321065,0,27.631021115928547,3.4304458107883877,3.7553414795806028,27.631021115928547,27.631021115928547,27.631021115928547,27.631021115928547,27.631021115928547,27.631021115928547,27.631021115928547,27.631021115928547,27.631021115928547,27.631021115928547,27.631021115928547,27.631021115928547,27.631021115928547,27.631021115928547,27.631021115928547,27.631021115928547,27.631021115928547,27.631021115928547,27.631021115928547
t10,27.631021115928547,2.9107554852621487,27.631021115928547,3.7553414795806028,3.494071506668599,3.713572066704308,3.5620221685771067,27.631021115928547,0,0.33846979582500425,27.631021115928547,3.6349289393851945,3.6734776095024295,27.631021115928547,27.631021115928547,27.631021115928547,27.631021115928547,27.631021115928547,27.631021115928547,27.631021115928547,27.631021115928547,27.631021115928547,27.631021115928547,27.631021115928547,27.631021115928547,27.631021115928547,27.631021115928547,27.631021115928547,27.631021115928547,27.631021115928547
t29,27.631021115928547,2.7739199849169789,3.713572066704308,27.631021115928547,27.631021115928547,3.3141860046725258,3.4617527154134318,3.4304458107883877,0.33846979582500425,0,27.631021115928547,3.7553414795806028,3.6349289393851945,27.631021115928547,27.631021115928547,27.631021115928547,27.631021115928547,27.631021115928547,27.631021115928547,27.631021115928547,27.631021115928547,27.631021115928547,27.631021115928547,3.713572066704308,27.631021115928547,27.631021115928547,27.631021115928547,27.631021115928547,27.631021115928547,27.631021115928547
t2,3.7553414795806028,27.631021115928547,3.713572066704308,27.631021115928547,3.7553414795806028,27.631021115928547,27.631021115928547,3.7553414795806028,27.631021115928547,27.631021115928547,0,0.94098334446452658,3.2871166827043075,2.3714195988143425,27.631021115928547,3.5620221685771067,27.631021115928547,3.6349289393851945,3.597811276428692,27.631021115928547,3.7553414795806028,3.7553414795806028,3.713572066704308,27.631021115928547,3.7553414795806028,27.631021115928547,3.0910424533583156,2.5984304760849875,2.0950843187502897,2.2591943384803064
t8,27.631021115928547,27.631021115928547,3.7553414795806028,27.631021115928547,27.631021115928547,27.631021115928547,27.631021115928547,27.631021115928547,3.6349289393851945,3.7553414795806028,0.94098334446452658,0,2.1317856856007174,1.0331733969326078,27.631021115928547,27.631021115928547,27.631021115928547,3.713572066704308,27.631021115928547,27.631021115928547,3.6734776095024295,3.6734776095024295,27.631021115928547,3.6349289393851945,3.4304458107883877,3.597811276428692,3.0910424533583156,2.5210279582019943,1.4718957267972546,1.5951283672212027
t7,3.7553414795806028,27.631021115928547,27.631021115928547,27.631021115928547,27.631021115928547,27.631021115928547,3.7553414795806028,27.631021115928547,3.6734776095024295,3.6349289393851945,3.2871166827043075,2.1317856856007174,0,1.2516549351410062,3.713572066704308,3.7553414795806028,27.631021115928547,27.631021115928547,27.631021115928547,27.631021115928547,27.631021115928547,27.631021115928547,27.631021115928547,27.631021115928547,27.631021115928547,27.631021115928547,27.631021115928547,3.527469787070447,3.0693286931345316,3.1359377732662068
t11,27.631021115928547,27.631021115928547,27.631021115928547,27.631021115928547,3.6734776095024295,27.631021115928547,27.631021115928547,27.631021115928547,27.631021115928547,27.631021115928547,2.3714195988143425,1.0331733969326078,1.2516549351410062,0,27.631021115928547,27.631021115928547,27.631021115928547,3.6734776095024295,3.713572066704308,3.7553414795806028,27.631021115928547,27.631021115928547,3.597811276428692,27.631021115928547,27.631021115928547,27.631021115928547,3.6734776095024295,3.713572066704308,2.2591943384803064,2.6970247310905022
t21,3.713572066704308,27.631021115928547,27.631021115928547,27.631021115928547,3.7553414795806028,27.631021115928547,27.631021115928547,27.631021115928547,27.631021115928547,27.631021115928547,27.631021115928547,27.631021115928547,3.713572066704308,27.631021115928547,0,2.2034523554720713,0.8308049081933625,0.7739292598013604,3.232268882204639,27.631021115928547,3.6349289393851945,27.631021115928547,3.3706273155774773,3.713572066704308,3.7553414795806028,3.6349289393851945,27.631021115928547,27.631021115928547,3.597811276428692,27.631021115928547
t3,27.631021115928547,27.631021115928547,27.631021115928547,27.631021115928547,27.631021115928547,27.631021115928547,27.631021115928547,27.631021115928547,27.631021115928547,27.631021115928547,3.5620221685771067,27.631021115928547,3.7553414795806028,27.631021115928547,2.2034523554720713,0,1.5163474893680884,1.6806505406593648,3.2607608379989452,3.597811276428692,27.631021115928547,27.631021115928547,27.631021115928547,27.631021115928547,27.631021115928547,3.713572066704308,27.631021115928547,27.631021115928547,27.631021115928547,27.631021115928547
t17,27.631021115928547,27.631021115928547,27.631021115928547,27.631021115928547,27.631021115928547,27.631021115928547,27.631021115928547,27.631021115928547,27.631021115928547,27.631021115928547,27.631021115928547,27.631021115928547,27.631021115928547,27.631021115928547,0.8308049081933625,1.5163474893680884,0,0.4731126701689326,3.0910424533583156,27.631021115928547,27.631021115928547,27.631021115928547,3.7553414795806028,27.631021115928547,3.6734776095024295,3.713572066704308,3.7553414795806028,3.7553414795806028,3.6734776095024295,27.631021115928547
t25,27.631021115928547,27.631021115928547,27.631021115928547,27.631021115928547,3.6349289393851945,27.631021115928547,3.7553414795806028,27.631021115928547,27.631021115928547,27.631021115928547,3.6349289393851945,3.713572066704308,27.631021115928547,3.6734776095024295,0.7739292598013604,1.6806505406593648,0.4731126701689326,0,2.9673150608304142,3.5620221685771067,27.631021115928547,27.631021115928547,27.631021115928547,27.631021115928547,3.7553414795806028,27.631021115928547,3.7553414795806028,27.631021115928547,3.494071506668599,27.631021115928547
t23,27.631021115928547,27.631021115928547,27.631021115928547,27.631021115928547,27.631021115928547,27.631021115928547,27.631021115928547,27.631021115928547,27.631021115928547,27.631021115928547,3.597811276428692,27.631021115928547,27.631021115928547,3.713572066704308,3.232268882204639,3.2607608379989452,3.0910424533583156,2.9673150608304142,0,2.5210279582019943,3.6734776095024295,3.713572066704308,27.631021115928547,3.6734776095024295,27.631021115928547,27.631021115928547,27.631021115928547,27.631021115928547,27.631021115928547,27.631021115928547
t13,27.631021115928547,27.631021115928547,27.631021115928547,27.631021115928547,27.631021115928547,27.631021115928547,27.631021115928547,27.631021115928547,27.631021115928547,27.631021115928547,27.631021115928547,27.631021115928547,27.631021115928547,3.7553414795806028,27.631021115928547,3.597811276428692,27.631021115928547,3.5620221685771067,2.5210279582019943,0,3.713572066704308,27.631021115928547,27.631021115928547,27.631021115928547,3.5620221685771067,27.631021115928547,27.631021115928547,27.631021115928547,3.7553414795806028,3.7553414795806028
t27,27.631021115928547,3.7553414795806028,27.631021115928547,27.631021115928547,27.631021115928547,27.631021115928547,3.6734776095024295,27.631021115928547,27.631021115928547,27.631021115928547,3.7553414795806028,3.6734776095024295,27.631021115928547,27.631021115928547,3.6349289393851945,27.631021115928547,27.631021115928547,27.631021115928547,3.6734776095024295,3.713572066704308,0,0.1440393702229377,1.1698249168933741,1.0238710042702943,3.2871166827043075,3.3420085102718247,27.631021115928547,3.713572066704308,27.631021115928547,27.631021115928547
t15,27.631021115928547,27.631021115928547,27.631021115928547,27.631021115928547,27.631021115928547,27.631021115928547,3.6734776095024295,27.631021115928547,27.631021115928547,27.631021115928547,3.7553414795806028,3.6734776095024295,27.631021115928547,27.631021115928547,27.631021115928547,27.631021115928547,27.631021115928547,27.631021115928547,3.713572066704308,27.631021115928547,0.1440393702229377,0,1.3885141178582034,1.2712250313351032,3.1829438156421377,3.5620221685771067,27.631021115928547,3.713572066704308,3.7553414795806028,27.631021115928547
t12,27.631021115928547,27.631021115928547,27.631021115928547,27.631021115928547,27.631021115928547,27.631021115928547,3.713572066704308,27.631021115928547,27.631021115928547,27.631021115928547,3.713572066704308,27.631021115928547,27.631021115928547,3.597811276428692,3.3706273155774773,27.631021115928547,3.7553414795806028,27.631021115928547,27.631021115928547,27.631021115928547,1.1698249168933741,1.3885141178582034,0,0.28694324715034858,2.8925915146344776,3.2871166827043075,27.631021115928547,3.597811276428692,3.713572066704308,27.631021115928547
t4,27.631021115928547,27.631021115928547,27.631021115928547,27.631021115928547,27.631021115928547,27.631021115928547,3.713572066704308,27.631021115928547,27.631021115928547,3.713572066704308,27.631021115928547,3.6349289393851945,27.631021115928547,27.631021115928547,3.713572066704308,27.631021115928547,27.631021115928547,27.631021115928547,3.6734776095024295,27.631021115928547,1.0238710042702943,1.2712250313351032,0.28694324715034858,0,2.6970247310905022,3.1829438156421377,27.631021115928547,3.597811276428692,27.631021115928547,27.631021115928547
t19,27.631021115928547,3.6734776095024295,27.631021115928547,27.631021115928547,27.631021115928547,27.631021115928547,27.631021115928547,27.631021115928547,27.631021115928547,27.631021115928547,3.7553414795806028,3.4304458107883877,27.631021115928547,27.631021115928547,3.7553414795806028,27.631021115928547,3.6734776095024295,3.7553414795806028,27.631021115928547,3.5620221685771067,3.2871166827043075,3.1829438156421377,2.8925915146344776,2.6970247310905022,0,0.79826136046089102,3.6734776095024295,3.713572066704308,3.6734776095024295,3.6734776095024295
t20,27.631021115928547,27.631021115928547,27.631021115928547,27.631021115928547,27.631021115928547,27.631021115928547,3.713572066704308,27.631021115928547,27.631021115928547,27.631021115928547,27.631021115928547,3.597811276428692,27.631021115928547,27.631021115928547,3.6349289393851945,3.713572066704308,3.713572066704308,27.631021115928547,27.631021115928547,27.631021115928547,3.3420085102718247,3.5620221685771067,3.2871166827043075,3.1829438156421377,0.79826136046089102,0,27.631021115928547,27.631021115928547,3.7553414795806028,3.7553414795806028
t18,27.631021115928547,27.631021115928547,27.631021115928547,27.631021115928547,27.631021115928547,3.7553414795806028,3.7553414795806028,27.631021115928547,27.631021115928547,27.631021115928547,3.0910424533583156,3.0910424533583156,27.631021115928547,3.6734776095024295,27.631021115928547,27.631021115928547,3.7553414795806028,3.7553414795806028,27.631021115928547,27.631021115928547,27.631021115928547,27.631021115928547,27.631021115928547,27.631021115928547,3.6734776095024295,27.631021115928547,0,2.6970247310905022,2.1224832929384041,2.2687944122093255
t30,27.631021115928547,27.631021115928547,3.713572066704308,27.631021115928547,27.631021115928547,27.631021115928547,27.631021115928547,27.631021115928547,27.631021115928547,27.631021115928547,2.5984304760849875,2.5210279582019943,3.527469787070447,3.713572066704308,27.631021115928547,27.631021115928547,3.7553414795806028,27.631021115928547,27.631021115928547,27.631021115928547,3.713572066704308,3.713572066704308,3.597811276428692,3.597811276428692,3.713572066704308,27.631021115928547,2.6970247310905022,0,1.5113096953381313,1.5316149614988768
t28,27.631021115928547,27.631021115928547,27.631021115928547,27.631021115928547,3.6734776095024295,27.631021115928547,3.7553414795806028,27.631021115928547,27.631021115928547,27.631021115928547,2.0950843187502897,1.4718957267972546,3.0693286931345316,2.2591943384803064,3.597811276428692,27.631021115928547,3.6734776095024295,3.494071506668599,27.631021115928547,3.7553414795806028,27.631021115928547,3.7553414795806028,3.713572066704308,27.631021115928547,3.6734776095024295,3.7553414795806028,2.1224832929384041,1.5113096953381313,0,0.26070267449783152
t5,27.631021115928547,3.6349289393851945,27.631021115928547,27.631021115928547,27.631021115928547,3.7553414795806028,27.631021115928547,27.631021115928547,27.631021115928547,27.631021115928547,2.2591943384803064,1.5951283672212027,3.1359377732662068,2.6970247310905022,27.631021115928547,27.631021115928547,27.631021115928547,27.631021115928547,27.631021115928547,3.7553414795806028,27.631021115928547,27.631021115928547,27.631021115928547,27.631021115928547,3.6734776095024295,3.7553414795806028,2.2687944122093255,1.5316149614988768,0.26070267449783152,0
